age,sex,cp,trtbps,chol,fbs,restecg,thalachh,exng,oldpeak,slp,caa,thall
30,0.59964458,0.36957528,130,242,0.99367437,0.99530469,221,0.9926541,1.1,0.98734873,0.98734873,0.56014703
19,0.56014703,0.34386569,108,230,0.9945127,0.8359092,192,0.44936994,2.9,0.97469747,0.97469747,0.84274373
65,0.84274373,0.9926541,150,199,0.83359389,0.98734873,321,0.40767582,2.1,0.77227723,0.44936994,0.77227723
73,0.59582519,0.44936994,124,298,0.77469867,0.97469747,231,0.36957528,3.1,0.36957528,0.40767582,0.83359389
55,0.96437685,0.40767582,94,156,0.72357642,0.77227723,271,0.34386569,1.5,0.34386569,0.40767582,0.77469867
34,0.98373409,0.99320231,142,192,0.67878359,0.82516713,285,0.98734873,1.8,0.34386569,0.77227723,0.34386569
27,0.83521924,0.99253368,152,333,0.60916476,0.54835644,163,0.97469747,2.6,0.9926541,0.36957528,0.34386569